,BTC,BTC,BTC,BTC,LTC,LTC,LTC,LTC,DASH,DASH,DASH,DASH,XRP,XRP,XRP,XRP,XMR,XMR,XMR,XMR,ETH,ETH,ETH,ETH,ETC,ETC,ETC,ETC,XLM,XLM,XLM,XLM,LSK,LSK,LSK,LSK,XEM,XEM,XEM,XEM
,close,high,low,open,close,high,low,open,close,high,low,open,close,high,low,open,close,high,low,open,close,high,low,open,close,high,low,open,close,high,low,open,close,high,low,open,close,high,low,open
time,,,,,,,,,,,,,,,,,,,,,,,,,,,,,,,,,,,,,,,,
2017-06-29,2558.37,2605.86,2526.51,2577.74,40.13,41.94,39.45,41.89,172.13,181.59,171.74,179.62,0.2561,0.2693,0.2513,0.2686,44.42,47.75,44.19,47.1,292.9,322.28,285.89,315.86,17.75,18.92,17.58,18.73,0.02834,0.03254,0.02784,0.03149,2.84,3.02,2.71,2.8,0.1587,0.1754,0.1554,0.1692
2017-06-30,2480.61,2576.28,2469.54,2558.37,39.48,41.22,39.29,40.13,173.7,179.39,171.41,172.13,0.2466,0.2596,0.245,0.2561,43.23,45.49,42.57,44.42,280.68,305.3,270.43,292.9,17.4,18.56,17.01,17.75,0.02637,0.02905,0.02635,0.02834,2.59,3.0,2.5,2.84,0.1559,0.1665,0.155,0.1587
2017-07-01,2424.61,2529.62,2387.47,2480.61,38.08,39.7,37.12,39.48,162.01,177.54,159.0,173.7,0.2386,0.2518,0.2337,0.2466,40.06,43.57,38.87,43.23,261.0,281.81,253.18,280.68,16.5,17.55,15.86,17.4,0.02394,0.02707,0.02238,0.02637,2.47,2.67,2.31,2.59,0.1415,0.1583,0.138,0.1559
2017-07-02,2536.46,2555.34,2375.86,2424.61,41.26,41.65,36.87,38.08,169.78,171.37,159.11,162.01,0.2537,0.2547,0.233,0.2386,42.2,42.72,39.2,40.06,283.99,293.3,254.19,261.0,17.44,17.59,15.95,16.5,0.02523,0.0254,0.0217,0.02394,2.56,2.67,2.21,2.47,0.1561,0.1568,0.1394,0.1415
2017-07-03,2572.47,2617.48,2506.3,2536.46,45.34,47.56,40.36,41.26,178.55,181.05,166.42,169.78,0.2523,0.2567,0.2445,0.2537,43.72,44.17,40.81,42.2,276.41,284.31,272.64,283.99,17.19,17.91,16.82,17.44,0.02605,0.02694,0.02411,0.02523,2.42,2.66,2.29,2.56,0.1735,0.1781,0.1516,0.1561
2017-07-04,2617.32,2658.73,2569.99,2572.47,54.51,54.82,45.34,45.34,181.4,186.35,176.96,178.55,0.2473,0.2581,0.2471,0.2523,45.19,45.72,43.43,43.72,269.05,282.32,265.21,276.41,17.4,18.16,17.11,17.19,0.02579,0.02801,0.02526,0.02605,2.59,2.69,2.32,2.42,0.187,0.195,0.1629,0.1735
2017-07-05,2627.86,2642.74,2562.04,2617.32,52.92,56.58,49.11,54.51,204.92,209.24,178.02,181.4,0.252,0.2563,0.2434,0.2473,45.82,46.66,44.28,45.19,266.0,274.03,253.7,269.05,17.34,17.58,16.82,17.4,0.02558,0.02589,0.02426,0.02579,2.49,2.64,2.37,2.59,0.1736,0.1871,0.17,0.187
2017-07-06,2614.24,2634.84,2581.8,2627.86,51.04,52.98,49.79,52.92,207.71,222.0,198.19,204.92,0.2506,0.2528,0.2482,0.252,49.94,50.16,45.81,45.82,265.88,274.55,261.57,266.0,17.56,17.76,17.0,17.34,0.0253,0.0262,0.025,0.02558,2.68,2.79,2.44,2.49,0.1704,0.1781,0.1628,0.1736
2017-07-07,2513.88,2617.48,2484.73,2614.24,46.1,51.18,44.47,51.04,190.59,208.33,185.47,207.71,0.2303,0.2516,0.2298,0.2506,44.07,50.66,43.51,49.94,240.94,266.25,236.16,265.88,16.08,17.7,15.61,17.56,0.0203,0.02565,0.01969,0.0253,2.42,2.68,2.42,2.68,0.1561,0.1722,0.1506,0.1704
2017-07-08,2564.86,2568.73,2480.62,2513.88,51.22,52.11,44.33,46.1,208.1,208.48,175.66,190.59,0.23,0.2321,0.2112,0.2303,45.9,46.02,41.79,44.07,245.67,248.35,230.96,240.94,16.28,16.38,14.5,16.08,0.02156,0.02182,0.01716,0.0203,2.39,2.46,2.2,2.42,0.1578,0.1648,0.146,0.1561
2017-07-09,2511.43,2576.73,2509.65,2564.86,48.63,52.4,48.32,51.22,195.49,209.98,195.24,208.1,0.2261,0.2422,0.2259,0.23,44.56,46.97,44.22,45.9,237.72,251.79,236.59,245.67,15.56,16.8,15.56,16.28,0.01923,0.02248,0.01923,0.02156,2.11,2.46,2.02,2.39,0.1521,0.1611,0.1506,0.1578
2017-07-10,2344.02,2530.34,2271.79,2511.43,45.0,49.66,42.68,48.63,174.07,198.41,168.56,195.49,0.1883,0.2269,0.1707,0.2261,40.04,45.22,37.59,44.56,205.76,240.09,188.21,237.72,14.2,17.3,13.44,15.56,0.01489,0.01971,0.01361,0.01923,1.79,2.2,1.79,2.11,0.1457,0.158,0.144,0.1521
2017-07-11,2324.29,2412.75,2265.48,2344.02,43.98,46.69,41.84,45.0,162.62,179.12,156.51,174.07,0.1778,0.1994,0.1511,0.1883,36.8,41.37,35.1,40.04,190.55,216.16,175.21,205.76,14.03,15.41,12.0,14.2,0.01432,0.01571,0.01202,0.01489,1.42,1.85,1.36,1.79,0.1457,0.1457,0.1457,0.1457
2017-07-12,2403.09,2424.82,2262.08,2324.29,47.14,48.38,42.4,43.98,177.73,179.02,157.67,162.62,0.1958,0.1971,0.1656,0.1778,40.23,40.92,35.31,36.8,224.15,227.06,181.62,190.55,18.75,19.5,13.18,14.03,0.01784,0.01784,0.01246,0.01432,1.96,2.02,1.42,1.42,0.1337,0.1445,0.1245,0.1445
2017-07-13,2362.44,2436.66,2334.96,2403.09,45.69,47.66,44.07,47.14,167.74,180.54,165.57,177.73,0.1925,0.2178,0.181,0.1958,38.02,40.62,36.84,40.23,205.41,226.66,193.2,224.15,17.55,19.8,16.27,18.75,0.01714,0.0203,0.0152,0.01784,1.82,2.0,1.63,1.96,0.1208,0.1406,0.1126,0.1337
2017-07-14,2234.17,2370.53,2165.36,2362.44,42.46,45.96,39.96,45.69,159.51,173.47,154.9,167.74,0.1843,0.1925,0.1717,0.1925,35.43,38.42,33.95,38.02,197.14,207.07,182.62,205.41,17.0,17.93,16.0,17.55,0.0161,0.0173,0.01463,0.01714,1.72,1.95,1.4,1.82,0.1177,0.1244,0.1093,0.1208
2017-07-15,1975.08,2237.13,1974.03,2234.17,38.41,42.68,37.7,42.46,141.88,161.7,139.66,159.51,0.172,0.1848,0.1707,0.1843,32.15,35.43,31.19,35.43,169.1,198.71,168.95,197.14,14.66,17.0,14.59,17.0,0.01758,0.01824,0.0148,0.0161,1.55,1.76,1.42,1.72,0.1098,0.118,0.1045,0.1177
2017-07-16,1914.09,2044.41,1808.99,1975.08,40.7,41.81,35.49,38.41,131.35,145.91,118.81,141.88,0.1461,0.1743,0.1275,0.172,29.36,32.63,28.22,32.15,155.42,171.91,132.64,169.1,13.92,15.3,12.77,14.66,0.01565,0.0191,0.01349,0.01758,1.31,1.58,1.21,1.55,0.09683,0.1128,0.08767,0.1098
2017-07-17,2233.39,2233.83,1913.79,1914.09,42.17,42.98,39.91,40.7,149.99,150.65,131.35,131.35,0.1723,0.1732,0.1451,0.1461,34.67,35.0,29.27,29.36,189.97,190.26,154.25,155.42,15.02,15.42,13.83,13.92,0.0186,0.01898,0.01549,0.01565,1.69,1.69,1.28,1.31,0.1349,0.1349,0.09681,0.09683
2017-07-18,2320.23,2400.74,2164.59,2233.39,43.35,44.84,40.74,42.17,154.61,163.14,144.39,149.99,0.1788,0.189,0.1605,0.1723,36.32,37.98,33.09,34.67,227.09,256.89,177.42,189.97,15.67,16.38,14.5,15.02,0.01853,0.02039,0.01731,0.0186,1.68,1.78,1.43,1.69,0.1324,0.145,0.1153,0.1349
2017-07-19,2282.58,2412.38,2243.13,2320.23,40.11,43.77,39.82,43.35,153.52,169.31,151.69,154.61,0.163,0.1838,0.1574,0.1788,34.94,37.88,33.9,36.32,194.41,244.02,187.21,227.09,14.14,16.09,13.67,15.67,0.0171,0.01999,0.01691,0.01853,1.59,1.9,1.47,1.68,0.126,0.16,0.1228,0.1324
2017-07-20,2866.02,2932.81,2282.11,2282.58,44.35,45.23,40.11,40.11,182.7,191.94,153.52,153.52,0.1925,0.1962,0.162,0.163,40.96,41.63,34.74,34.94,226.33,235.86,194.41,194.41,16.11,16.18,14.14,14.14,0.01897,0.02095,0.0171,0.0171,1.72,1.8,1.41,1.59,0.1534,0.1612,0.125,0.126
2017-07-21,2675.08,2873.96,2622.54,2866.02,45.2,47.31,43.99,44.35,182.04,191.2,177.56,182.7,0.1835,0.1936,0.1828,0.1925,40.3,42.56,38.8,40.96,216.33,236.62,209.46,226.33,15.95,17.61,15.73,16.11,0.01898,0.02051,0.01851,0.01897,1.85,2.0,1.72,1.72,0.145,0.1534,0.1415,0.1534
2017-07-22,2836.53,2876.71,2658.59,2675.08,46.47,47.11,44.88,45.2,190.17,190.42,180.34,182.04,0.1977,0.2022,0.182,0.1835,44.86,44.94,40.01,40.3,230.47,236.55,215.3,216.33,16.81,17.0,15.93,15.95,0.02312,0.02407,0.0189,0.01898,2.22,2.32,1.81,1.85,0.177,0.179,0.145,0.145
2017-07-23,2756.61,2856.67,2675.65,2836.53,44.67,46.67,43.63,46.47,188.71,191.48,184.75,190.17,0.1966,0.2065,0.1873,0.1977,42.63,44.96,41.58,44.86,228.32,234.17,220.3,230.47,16.09,16.93,15.55,16.81,0.0222,0.02393,0.02054,0.02312,2.13,2.22,1.94,2.22,0.1674,0.1883,0.1555,0.177
2017-07-24,2763.42,2798.89,2715.69,2756.61,44.77,45.28,43.85,44.67,201.48,212.04,183.46,188.71,0.1915,0.1984,0.1893,0.1966,46.06,46.07,41.75,42.63,225.48,229.56,224.04,228.32,15.95,16.37,15.8,16.09,0.02274,0.02314,0.02103,0.0222,2.21,2.21,2.02,2.13,0.1696,0.1737,0.1589,0.1674
2017-07-25,2582.58,2779.08,2472.62,2763.42,42.3,45.05,40.52,44.77,193.45,208.32,179.19,201.48,0.1744,0.1926,0.1658,0.1915,40.66,46.26,37.88,46.06,203.59,225.98,192.64,225.48,14.66,16.04,13.59,15.95,0.01861,0.02307,0.01706,0.02274,2.01,2.49,1.98,2.21,0.1579,0.1784,0.1422,0.1696
2017-07-26,2559.21,2631.73,2441.54,2582.58,42.03,43.09,40.47,42.3,192.22,204.6,185.71,193.45,0.1723,0.1787,0.1642,0.1744,45.77,46.93,38.44,40.66,202.88,209.29,193.1,203.59,14.61,14.9,14.02,14.66,0.01891,0.01994,0.01754,0.01861,1.88,2.42,1.84,2.01,0.1565,0.1665,0.1444,0.1579
2017-07-27,2691.88,2712.92,2547.74,2559.21,41.89,42.41,40.89,42.03,193.71,199.4,190.22,192.22,0.1725,0.1756,0.17,0.1723,45.14,46.66,43.73,45.77,202.93,205.68,198.93,202.88,14.46,14.74,14.25,14.61,0.01848,0.01945,0.01801,0.01891,1.92,2.16,1.87,1.88,0.1716,0.1772,0.1534,0.1565
2017-07-28,2806.75,2843.78,2683.59,2691.88,40.43,42.19,40.17,41.89,184.58,197.69,179.97,193.71,0.1633,0.1738,0.1591,0.1725,43.67,45.87,42.72,45.14,191.21,203.93,189.77,202.93,13.97,14.63,13.73,14.46,0.01708,0.01872,0.01655,0.01848,1.74,1.99,1.74,1.92,0.1655,0.176,0.1554,0.1716
2017-07-29,2733.5,2812.13,2699.42,2806.75,41.07,41.4,38.55,40.43,185.5,186.73,168.29,184.58,0.169,0.1704,0.155,0.1633,43.97,44.39,42.02,43.67,206.14,209.57,177.69,191.21,14.26,14.48,13.27,13.97,0.01747,0.0175,0.01548,0.01708,1.81,1.92,1.72,1.74,0.1693,0.171,0.1562,0.1655
2017-07-30,2766.49,2773.06,2621.68,2733.5,40.61,42.05,39.82,41.07,171.41,188.29,170.19,185.5,0.1633,0.1709,0.1609,0.169,39.92,44.14,39.74,43.97,196.78,209.88,194.12,206.14,13.85,14.45,13.58,14.26,0.01603,0.01765,0.01591,0.01747,1.83,1.94,1.73,1.81,0.159,0.1767,0.1582,0.1693
2017-07-31,2883.27,2916.3,2723.05,2766.49,42.38,43.57,38.45,40.61,175.72,178.86,170.4,171.41,0.1648,0.1689,0.1585,0.1633,39.68,41.16,38.75,39.92,201.33,201.78,190.53,196.78,13.74,14.07,13.32,13.85,0.01605,0.01652,0.01522,0.01603,1.86,1.9,1.73,1.83,0.1612,0.1701,0.1574,0.159
2017-08-01,2746.99,2946.02,2659.62,2883.27,43.16,43.93,41.11,42.38,184.04,185.89,174.37,175.72,0.1776,0.1847,0.162,0.1648,44.13,45.24,39.58,39.68,225.9,232.55,201.27,201.33,14.58,14.85,13.46,13.74,0.01799,0.0181,0.01585,0.01605,2.09,2.16,1.74,1.86,0.1791,0.1857,0.1611,0.1612
2017-08-02,2720.53,2773.8,2668.87,2746.99,41.92,43.19,41.66,43.16,181.6,198.06,178.18,184.04,0.1709,0.1794,0.1676,0.1776,43.84,48.23,42.83,44.13,218.12,228.98,215.71,225.9,14.52,15.31,14.26,14.58,0.0184,0.01986,0.0175,0.01799,2.09,2.15,2.0,2.09,0.2149,0.2404,0.1785,0.1791
2017-08-03,2809.99,2822.88,2717.62,2720.53,42.75,43.18,41.8,41.92,187.64,190.66,177.37,181.6,0.1748,0.1771,0.1696,0.1709,43.24,44.54,43.0,43.84,224.39,228.08,217.84,218.12,15.29,15.35,14.29,14.52,0.01889,0.01911,0.01792,0.0184,2.18,2.23,2.01,2.09,0.22,0.2458,0.2109,0.2149
2017-08-04,2878.49,2892.67,2779.51,2809.99,43.31,43.77,42.41,42.75,187.09,191.71,184.8,187.64,0.1744,0.1767,0.1717,0.1748,45.12,45.61,43.04,43.24,220.6,227.45,219.73,224.39,14.97,15.37,14.77,15.29,0.02245,0.02249,0.01861,0.01889,2.1,2.25,2.06,2.18,0.2236,0.231,0.2112,0.22
2017-08-05,3262.8,3344.01,2875.91,2878.49,46.24,47.23,43.21,43.31,192.0,196.4,183.44,187.09,0.1848,0.1928,0.1719,0.1744,48.6,50.02,45.11,45.12,253.09,258.47,219.72,220.6,15.57,15.92,14.76,14.97,0.02381,0.02715,0.0211,0.02245,2.11,2.12,2.0,2.1,0.2296,0.26,0.215,0.2236
2017-08-06,3232.03,3295.07,3166.52,3262.8,45.56,46.88,45.16,46.24,188.77,194.24,187.03,192.0,0.1802,0.1896,0.1786,0.1848,47.92,49.51,47.34,48.6,264.56,272.22,251.79,253.09,15.57,16.11,15.36,15.57,0.02283,0.02512,0.02259,0.02381,2.11,2.15,2.02,2.11,0.2442,0.255,0.2103,0.2296
2017-08-07,3401.91,3425.13,3198.51,3232.03,46.11,46.7,45.21,45.56,196.64,199.5,186.21,188.77,0.1782,0.1828,0.1766,0.1802,50.16,50.23,47.07,47.92,269.94,274.39,257.41,264.56,15.29,15.58,14.55,15.57,0.0223,0.02329,0.02115,0.02283,2.0,2.15,1.84,2.11,0.2802,0.2913,0.236,0.2442
2017-08-08,3429.38,3494.87,3357.15,3401.91,49.13,49.93,45.69,46.11,203.31,204.33,192.93,196.64,0.1967,0.1972,0.1772,0.1782,51.96,52.85,49.76,50.16,296.51,299.55,266.94,269.94,16.05,16.06,15.14,15.29,0.02378,0.02382,0.02149,0.0223,2.26,2.3,1.93,2.0,0.2731,0.31,0.2548,0.2802
2017-08-09,3348.79,3437.15,3251.03,3429.38,47.78,50.2,46.9,49.13,198.94,206.28,193.21,203.31,0.1841,0.1967,0.1818,0.1967,51.08,53.46,49.6,51.96,295.28,314.75,279.1,296.51,15.34,16.46,15.15,16.05,0.023,0.02473,0.02145,0.02378,2.2,2.48,2.2,2.26,0.2786,0.3014,0.2536,0.2731
2017-08-10,3425.67,3453.84,3322.92,3348.79,46.97,48.68,46.97,47.78,201.01,205.87,195.0,198.94,0.1809,0.185,0.1784,0.1841,49.39,51.38,49.38,51.08,298.28,310.18,289.22,295.24,15.21,15.71,15.16,15.34,0.02207,0.02345,0.02201,0.023,2.32,2.34,2.19,2.29,0.293,0.3046,0.2754,0.2786
2017-08-11,3654.37,3706.48,3409.79,3425.67,47.11,47.62,46.63,46.97,205.66,208.41,198.26,201.01,0.1778,0.184,0.1758,0.1809,50.54,51.49,48.59,49.39,309.32,310.36,295.94,298.28,15.16,15.53,14.87,15.21,0.02166,0.02247,0.02069,0.02207,2.2,2.32,2.13,2.32,0.293,0.3,0.274,0.2931
2017-08-12,3871.62,3967.26,3611.36,3654.37,46.27,47.77,46.0,47.11,204.29,210.39,200.62,205.66,0.1716,0.1825,0.1707,0.1778,49.5,51.76,46.06,50.54,308.02,319.14,303.71,309.32,14.65,15.31,14.44,15.16,0.02005,0.02226,0.01945,0.02166,2.2,2.2,2.2,2.2,0.2741,0.3027,0.2683,0.293
2017-08-13,4062.6,4189.42,3847.31,3871.62,45.49,47.43,44.0,46.27,196.9,207.59,187.07,204.29,0.1657,0.1721,0.1587,0.1716,47.69,50.14,43.82,49.5,296.62,308.87,288.04,308.02,14.12,14.66,13.78,14.65,0.01827,0.0203,0.01713,0.02005,2.24,2.29,2.05,2.2,0.2595,0.2796,0.2234,0.2741
2017-08-14,4327.94,4336.71,3978.95,4062.6,45.7,46.56,45.15,45.49,198.74,203.18,194.08,196.9,0.1683,0.1801,0.1652,0.1657,49.91,49.93,46.5,47.69,299.16,306.3,294.74,296.62,13.98,14.52,13.77,14.12,0.01776,0.01917,0.0168,0.01827,2.32,2.32,2.12,2.24,0.2526,0.2672,0.2332,0.2595
2017-08-15,4161.66,4436.48,3837.13,4327.94,43.17,45.8,41.78,45.7,202.64,204.76,190.63,198.74,0.1577,0.1683,0.153,0.1683,48.7,50.26,45.3,49.91,286.52,299.71,271.38,299.16,13.42,14.07,13.07,13.98,0.01738,0.01877,0.01605,0.01776,2.07,2.4,2.07,2.32,0.2458,0.256,0.2272,0.2526
2017-08-16,4387.4,4398.06,3938.62,4161.66,43.97,44.94,42.1,43.17,231.08,234.5,197.78,202.64,0.1603,0.1606,0.1489,0.1577,48.63,49.05,47.09,48.7,301.38,303.29,280.66,286.52,14.08,14.38,13.17,13.42,0.01774,0.01847,0.01715,0.01738,2.11,2.2,2.07,2.07,0.2568,0.2795,0.2433,0.2458
2017-08-17,4278.92,4487.5,4194.1,4387.4,43.83,44.74,43.13,43.97,234.74,261.7,228.47,231.08,0.1578,0.161,0.154,0.1603,47.26,49.44,47.09,48.63,300.3,310.43,298.19,301.38,13.83,14.25,13.57,14.08,0.01728,0.01818,0.01684,0.01774,2.05,2.12,2.05,2.11,0.2452,0.259,0.2425,0.2568
2017-08-18,4105.37,4362.73,3978.28,4278.92,46.74,47.92,43.23,43.83,222.63,239.59,217.13,234.74,0.1569,0.1704,0.1518,0.1578,46.6,49.0,45.55,47.26,292.62,306.52,287.17,300.3,13.44,14.37,12.51,13.83,0.01675,0.01762,0.01628,0.01728,2.0,2.09,2.0,2.05,0.2412,0.255,0.235,0.2452
2017-08-19,4150.45,4189.68,3957.46,4105.37,45.19,46.89,43.39,46.74,286.58,318.3,222.56,222.63,0.1526,0.1616,0.1483,0.1569,55.52,58.31,46.47,46.6,293.02,298.79,283.65,292.62,13.51,13.96,13.04,13.44,0.01649,0.01724,0.01536,0.01675,2.3,2.3,1.96,2.0,0.2549,0.2631,0.2257,0.2412
2017-08-20,4066.6,4182.29,4034.4,4150.45,45.81,47.39,44.07,45.19,291.51,318.68,283.76,286.58,0.1587,0.1611,0.1494,0.1526,54.95,56.2,51.92,55.52,298.2,298.78,288.48,293.02,13.76,14.18,13.27,13.51,0.0177,0.0184,0.01605,0.01649,3.0,3.59,2.23,2.3,0.276,0.32,0.2545,0.2549
2017-08-21,4005.1,4097.25,3966.93,4066.6,48.09,48.94,45.27,45.81,281.22,299.06,275.8,291.51,0.1958,0.2081,0.1523,0.1587,77.74,98.25,52.67,54.95,321.85,345.44,294.93,298.2,14.66,15.12,13.72,13.76,0.01955,0.0208,0.01705,0.0177,2.83,3.36,2.71,3.0,0.2465,0.31,0.2358,0.276
2017-08-22,4089.7,4142.68,3612.21,4005.1,46.4,48.1,44.85,48.09,291.76,300.61,261.03,281.22,0.2421,0.2598,0.1715,0.1958,90.77,95.77,71.89,77.74,313.37,329.39,293.09,321.85,14.41,15.11,13.37,14.66,0.02153,0.0218,0.01658,0.01955,3.12,3.22,2.7,2.83,0.2495,0.2616,0.2343,0.2465
2017-08-23,4141.09,4255.62,4070.49,4089.7,53.44,55.43,46.05,46.4,292.46,297.48,286.68,291.74,0.2457,0.2977,0.2169,0.2421,90.42,100.08,85.37,90.77,317.4,325.1,313.16,313.37,15.28,16.65,14.19,14.41,0.02011,0.024,0.0195,0.02153,3.08,3.27,2.76,3.12,0.2583,0.2615,0.2413,0.2495
2017-08-24,4318.35,4364.11,4111.71,4141.09,50.36,53.58,50.34,53.44,313.34,313.41,290.56,292.46,0.2173,0.2862,0.2124,0.2457,86.16,94.12,79.26,90.42,325.28,328.65,315.94,317.4,15.13,15.99,15.04,15.28,0.01908,0.02178,0.01821,0.02011,3.79,4.29,2.99,3.08,0.2409,0.26,0.1816,0.2583
2017-08-25,4364.41,4461.71,4292.63,4318.35,51.09,52.3,49.78,50.36,314.96,319.82,306.21,313.34,0.2167,0.2309,0.2029,0.2173,108.01,108.8,85.09,86.16,330.06,337.24,324.69,325.28,15.15,15.58,14.99,15.13,0.02059,0.02059,0.0183,0.01908,4.3,4.64,3.16,3.79,0.256,0.285,0.1819,0.2409
2017-08-26,4352.3,4379.28,4263.28,4364.41,51.58,52.13,50.09,51.09,396.74,411.76,314.22,314.96,0.2097,0.2308,0.2069,0.2167,137.65,148.19,104.67,108.01,332.86,334.7,325.9,330.06,15.28,15.33,14.87,15.15,0.02125,0.02136,0.01912,0.02059,5.99,6.31,4.3,4.3,0.2696,0.339,0.215,0.256
2017-08-27,4345.75,4408.18,4321.12,4352.3,61.08,64.49,51.37,51.58,362.9,398.07,355.84,396.74,0.2017,0.2104,0.193,0.2097,130.74,139.18,124.24,137.65,347.88,347.92,332.8,332.86,16.01,16.35,15.15,15.28,0.0199,0.0215,0.01948,0.02125,7.74,8.83,5.37,5.99,0.2709,0.28,0.255,0.2696
2017-08-28,4390.31,4403.13,4195.23,4345.75,62.36,64.95,58.87,61.08,356.56,369.56,347.91,362.9,0.2252,0.242,0.1947,0.2017,144.99,154.88,128.06,130.74,347.66,350.5,335.41,347.88,15.74,16.41,15.52,16.01,0.02061,0.0215,0.01927,0.0199,6.54,7.98,6.0,7.74,0.2808,0.2887,0.2669,0.2709
2017-08-29,4597.31,4647.83,4350.22,4390.31,63.76,64.2,61.17,62.36,360.1,368.96,352.72,356.56,0.2199,0.2262,0.2125,0.2252,133.21,145.57,127.66,144.99,372.35,375.18,347.24,347.66,15.93,16.1,15.56,15.74,0.02005,0.0209,0.01913,0.02061,5.97,7.36,5.63,6.54,0.282,0.288,0.2771,0.2808
2017-08-30,4583.02,4644.06,4491.79,4597.31,65.97,66.57,61.86,63.76,371.61,374.95,358.43,360.1,0.2319,0.2332,0.2175,0.2199,133.7,137.76,122.44,133.21,383.86,390.64,367.41,372.35,15.96,16.06,15.73,15.93,0.02115,0.0213,0.0198,0.02005,6.24,6.78,5.6,5.97,0.2942,0.3,0.28,0.282
2017-08-31,4735.11,4765.07,4580.13,4583.02,73.03,74.59,65.12,65.97,380.77,383.22,369.39,371.61,0.2593,0.2648,0.2275,0.2319,141.02,143.67,132.24,133.7,388.33,389.64,380.89,383.86,16.78,16.91,15.89,15.96,0.02249,0.02249,0.0208,0.02115,7.04,7.07,5.84,6.24,0.3372,0.34,0.2885,0.2942
2017-09-01,4921.85,4925.23,4690.17,4735.11,87.88,92.77,71.5,73.03,395.46,395.86,375.96,380.77,0.2529,0.2604,0.2444,0.2593,142.84,151.44,136.06,141.02,391.42,395.3,386.71,388.33,22.42,22.89,16.31,16.78,0.02412,0.02456,0.0214,0.02249,7.75,8.97,7.04,7.04,0.3249,0.34,0.3111,0.3372
2017-09-02,4573.8,4976.52,4448.64,4921.85,79.18,93.67,73.29,87.88,348.09,400.72,326.69,395.46,0.2252,0.2538,0.2185,0.2529,123.15,143.2,120.74,142.84,351.03,392.04,328.87,391.42,19.88,24.24,18.25,22.42,0.0204,0.02438,0.02,0.02412,6.95,8.13,6.93,7.75,0.2777,0.3297,0.2624,0.326
2017-09-03,4612.92,4719.78,4397.74,4573.8,79.04,84.07,74.95,79.18,356.27,373.64,333.87,348.09,0.2303,0.2381,0.2168,0.2252,126.18,129.52,111.8,123.15,352.45,370.5,336.37,351.03,19.18,20.79,18.32,19.88,0.02138,0.02198,0.02,0.0204,7.8,7.8,6.67,6.95,0.3011,0.3161,0.261,0.2777
2017-09-04,4267.45,4621.01,4098.58,4612.92,68.89,79.06,62.97,79.04,313.65,357.8,296.03,356.27,0.2045,0.2306,0.1901,0.2303,105.29,126.7,100.09,126.18,303.7,352.45,279.95,352.45,16.44,19.22,15.87,19.18,0.01762,0.02138,0.01606,0.02138,6.75,7.8,6.0,7.09,0.2767,0.311,0.2471,0.3011
2017-09-05,4409.08,4496.67,4004.62,4267.45,73.73,74.69,63.29,68.89,326.74,333.78,281.85,313.65,0.2168,0.2204,0.1917,0.2045,118.9,122.27,94.81,105.29,317.94,324.37,275.97,303.7,17.08,17.44,15.39,16.44,0.01868,0.01924,0.0158,0.01762,6.7,7.4,5.89,6.75,0.2838,0.2905,0.2463,0.2767
2017-09-06,4618.71,4660.04,4401.53,4409.08,81.44,82.17,73.69,73.73,349.76,352.48,324.96,326.74,0.2314,0.2329,0.2162,0.2168,122.74,124.74,114.73,118.9,338.92,341.77,317.82,317.94,19.26,19.39,17.05,17.08,0.02038,0.02095,0.01863,0.01868,7.56,7.62,6.04,6.7,0.3009,0.3085,0.2786,0.2838
2017-09-07,4635.6,4690.55,4493.2,4618.71,80.25,82.84,77.4,81.44,346.98,350.34,333.46,349.76,0.2271,0.2318,0.2216,0.2314,122.18,124.51,116.88,122.74,335.37,338.92,323.36,338.92,18.51,19.32,17.98,19.26,0.02029,0.02086,0.01912,0.02038,7.83,8.0,7.33,7.56,0.2923,0.3027,0.285,0.3009
2017-09-08,4326.45,4699.59,4130.88,4635.6,73.19,82.2,68.42,80.25,330.89,371.91,311.94,346.98,0.2122,0.2295,0.2026,0.2271,117.33,135.19,110.75,122.18,306.72,335.39,293.12,335.37,16.75,18.72,15.91,18.51,0.01829,0.02078,0.0168,0.02029,7.66,9.89,7.11,7.83,0.2651,0.3071,0.2519,0.2923
2017-09-09,4335.13,4402.15,4185.33,4326.45,71.09,73.95,69.0,73.19,324.84,335.08,312.85,330.89,0.213,0.2145,0.2075,0.2122,116.1,119.13,112.35,117.33,303.79,309.07,293.71,306.72,16.32,16.75,15.39,16.75,0.01789,0.0183,0.01728,0.01829,7.71,7.89,7.36,7.66,0.2725,0.2868,0.2538,0.2651
2017-09-10,4245.89,4338.08,4032.15,4335.13,67.08,71.11,63.33,71.09,324.26,329.01,296.21,325.42,0.2173,0.2243,0.1993,0.213,112.58,117.22,103.12,116.1,299.21,305.76,280.7,303.79,15.23,16.33,14.27,16.32,0.01669,0.01799,0.01591,0.01789,7.46,8.98,7.22,7.38,0.2668,0.274,0.235,0.2725
2017-09-11,4217.9,4364.42,4134.62,4245.89,68.13,71.21,65.55,67.08,317.75,333.43,315.56,324.26,0.2143,0.2216,0.2087,0.2173,112.18,115.93,109.26,112.58,297.95,308.3,288.6,299.21,15.22,16.01,14.83,15.23,0.01722,0.0182,0.01608,0.01669,7.46,8.0,6.96,7.46,0.2564,0.2882,0.2526,0.2668
2017-09-12,4158.92,4387.76,4074.97,4217.9,65.89,71.97,64.72,68.13,326.59,330.22,317.62,318.41,0.2095,0.2242,0.206,0.2143,111.86,116.24,108.79,112.18,294.1,316.38,285.75,297.95,15.01,16.19,14.83,15.22,0.01642,0.0178,0.016,0.01722,7.64,7.89,6.84,7.46,0.2486,0.2689,0.2453,0.2564
2017-09-13,3870.29,4174.58,3752.01,4158.92,61.78,66.34,57.87,65.89,298.96,326.59,284.57,326.59,0.1983,0.2099,0.1904,0.2095,110.21,112.64,101.21,111.86,275.84,294.39,257.16,294.1,14.11,15.04,13.51,15.01,0.01527,0.01645,0.01464,0.01642,7.07,7.65,6.51,7.64,0.231,0.2579,0.2146,0.2486
2017-09-14,3243.08,3930.69,3218.98,3870.29,45.2,62.66,44.9,61.78,240.08,301.74,238.71,298.96,0.1711,0.2007,0.1663,0.1983,86.2,119.57,85.53,110.21,223.14,280.65,222.06,275.84,10.18,14.48,10.18,14.11,0.01131,0.0157,0.01125,0.01527,5.19,7.39,3.02,7.07,0.1794,0.236,0.1724,0.231
2017-09-15,3713.76,3824.43,2979.88,3243.08,52.0,55.65,33.38,45.2,285.56,300.16,220.65,240.08,0.1846,0.1917,0.1483,0.1711,100.01,104.96,68.44,86.2,259.57,267.7,200.75,223.14,11.4,12.26,8.47,10.18,0.01229,0.0128,0.00611,0.01131,6.18,6.2,4.51,5.19,0.221,0.2285,0.1582,0.1794
2017-09-16,3698.92,3893.67,3551.83,3713.76,52.1,57.34,50.54,52.0,300.27,304.69,277.43,285.56,0.1828,0.1918,0.1741,0.1846,96.4,104.88,92.15,100.01,254.49,272.43,245.74,259.57,11.19,12.29,10.78,11.4,0.01188,0.0126,0.01015,0.01229,5.96,6.86,5.6,6.18,0.2123,0.236,0.2013,0.221
2017-09-17,3689.61,3796.56,3485.83,3698.92,51.0,53.18,47.73,52.1,312.09,317.04,277.77,300.27,0.1814,0.1846,0.1717,0.1828,93.72,97.26,88.88,96.4,258.4,265.78,239.98,254.49,11.03,11.4,10.26,11.19,0.01123,0.01188,0.01,0.01188,5.99,6.13,5.47,5.96,0.2156,0.225,0.1984,0.2123
2017-09-18,4100.28,4122.75,3689.0,3689.61,56.16,57.49,50.98,51.0,335.58,339.45,312.03,312.09,0.1933,0.1946,0.1814,0.1814,101.74,103.52,93.71,93.72,297.53,300.69,258.36,258.4,12.06,12.2,11.03,11.03,0.01351,0.01384,0.0112,0.01123,6.85,6.88,5.74,5.99,0.2441,0.2522,0.2089,0.2156
2017-09-19,3907.96,4120.71,3852.22,4100.28,52.8,56.7,51.27,56.16,325.95,336.68,313.09,335.58,0.1848,0.1945,0.1831,0.1933,98.28,102.5,94.12,101.74,283.0,299.91,275.94,297.53,11.54,12.25,11.28,12.06,0.01189,0.01354,0.0113,0.01351,6.47,6.88,6.22,6.85,0.2375,0.2561,0.229,0.2441
2017-09-20,3882.16,4053.04,3846.76,3907.96,51.56,54.37,51.07,52.8,342.58,350.16,315.94,325.95,0.1817,0.1886,0.1808,0.1848,95.6,98.81,93.02,98.28,283.56,293.74,277.72,283.0,11.27,11.75,11.15,11.54,0.0123,0.013,0.0113,0.01189,6.02,6.65,6.02,6.4,0.233,0.2398,0.2296,0.2375
2017-09-21,3617.27,3912.79,3576.54,3882.16,46.46,52.48,45.11,51.56,329.85,369.95,320.66,342.58,0.171,0.1831,0.1703,0.1817,85.8,96.29,84.71,95.6,257.77,287.13,252.22,283.56,10.04,11.29,10.01,11.27,0.01057,0.0123,0.01041,0.0123,6.0,6.55,5.65,6.02,0.21,0.2361,0.2048,0.233
2017-09-22,3600.83,3753.51,3505.81,3617.27,47.67,49.03,44.8,46.46,342.61,357.38,328.06,329.85,0.1728,0.177,0.1675,0.171,87.81,89.6,84.03,85.8,262.94,270.74,254.28,257.77,10.15,10.61,9.8,10.04,0.01077,0.01117,0.01019,0.01057,6.0,6.72,5.76,6.0,0.208,0.22,0.2008,0.21
2017-09-23,3788.02,3813.39,3563.18,3600.83,49.29,50.01,46.38,47.67,351.08,359.12,338.27,342.61,0.1791,0.1803,0.1701,0.1728,91.88,92.56,86.77,87.81,286.14,286.72,259.58,262.94,10.58,10.86,10.03,10.15,0.0119,0.01208,0.01063,0.01077,6.22,6.41,6.0,6.32,0.2197,0.2279,0.2023,0.208
2017-09-24,3667.52,3790.89,3633.88,3788.02,47.5,49.4,47.18,49.29,329.2,357.69,327.68,351.08,0.1757,0.1799,0.1733,0.1791,89.53,91.92,87.53,91.88,282.6,294.54,276.25,286.14,10.41,10.72,10.26,10.58,0.01157,0.01204,0.01135,0.0119,5.95,6.34,5.94,6.2,0.2163,0.2329,0.2148,0.2197
2017-09-25,3932.83,3971.5,3665.67,3667.52,52.27,53.16,47.47,47.5,348.22,350.91,328.79,329.2,0.1846,0.1869,0.1748,0.1757,94.1,94.74,88.76,89.53,294.89,297.01,282.48,282.6,11.0,11.14,10.39,10.41,0.01204,0.0125,0.0113,0.01157,6.14,6.24,5.87,5.95,0.2368,0.239,0.2163,0.2163
2017-09-26,3892.7,3982.31,3858.75,3932.83,52.27,54.37,51.42,52.27,341.7,354.15,338.97,348.22,0.1892,0.194,0.1809,0.1846,93.62,95.5,91.81,94.1,288.64,295.89,287.01,294.89,11.49,12.19,10.8,11.0,0.01236,0.0125,0.01185,0.01204,6.13,7.5,6.11,6.14,0.2314,0.2397,0.219,0.2368
2017-09-27,4212.2,4232.35,3882.08,3892.7,56.9,57.39,52.24,52.27,350.51,357.66,338.17,341.7,0.2099,0.2146,0.1874,0.1892,102.39,104.72,93.46,93.62,309.97,312.64,287.83,288.64,12.96,13.3,11.43,11.49,0.01445,0.01491,0.01227,0.01236,6.46,6.52,6.02,6.43,0.247,0.2522,0.2252,0.2314
2017-09-28,4195.65,4274.64,4112.88,4212.2,54.91,57.16,54.0,56.9,342.36,365.38,336.34,350.51,0.2023,0.2102,0.1968,0.2099,98.03,102.52,96.58,102.39,302.77,310.24,298.18,309.97,13.24,13.95,12.66,12.96,0.0137,0.0146,0.0134,0.01445,6.2,6.53,6.02,6.4,0.2366,0.251,0.2295,0.247
2017-09-29,4172.79,4237.51,4030.37,4195.65,52.8,54.93,50.44,54.91,328.7,344.18,319.74,342.36,0.1967,0.2025,0.188,0.2023,94.74,98.97,91.2,98.03,292.58,303.54,279.79,302.77,12.7,13.74,12.13,13.24,0.01327,0.01396,0.01285,0.0137,5.96,6.24,5.78,6.2,0.2365,0.2387,0.2177,0.2366
2017-09-30,4360.62,4383.27,4164.25,4172.79,55.41,55.91,52.75,52.8,329.58,333.94,328.15,328.7,0.1999,0.2051,0.1955,0.1967,96.27,96.95,94.19,94.74,302.77,305.91,292.32,292.58,13.23,13.51,12.66,12.7,0.01398,0.01411,0.01306,0.01327,5.97,6.18,5.86,6.18,0.2349,0.2401,0.2326,0.2365
2017-10-01,4403.09,4412.62,4258.32,4360.62,54.8,55.55,53.58,55.41,317.01,330.82,315.89,329.58,0.2083,0.2085,0.1965,0.1999,93.58,96.61,92.0,96.27,303.95,304.79,295.44,302.77,12.92,13.24,12.62,13.23,0.01387,0.01398,0.01318,0.01398,5.7,5.99,5.7,5.97,0.244,0.2509,0.2165,0.2349
2017-10-02,4401.32,4477.38,4364.67,4403.09,53.29,54.97,52.93,54.8,307.98,322.06,305.29,317.01,0.2031,0.2092,0.2001,0.2083,91.39,94.64,91.01,93.58,296.81,304.13,293.34,303.95,12.43,12.98,12.4,12.92,0.013,0.01387,0.0125,0.01387,5.49,5.68,5.46,5.67,0.231,0.26,0.23,0.244
2017-10-03,4314.18,4435.99,4230.73,4401.32,52.15,53.54,51.34,53.29,294.5,310.08,288.66,307.98,0.2033,0.2062,0.198,0.2031,92.99,94.74,87.13,91.39,291.81,299.92,286.86,296.81,12.29,12.54,11.78,12.43,0.01241,0.013,0.01126,0.013,5.6,5.77,5.36,5.49,0.226,0.24,0.215,0.231
2017-10-04,4218.66,4355.29,4183.57,4314.18,51.22,52.98,50.53,52.15,303.32,317.21,294.17,294.5,0.2135,0.217,0.2012,0.2033,90.24,93.62,88.51,92.99,291.68,295.57,288.56,291.81,11.79,12.39,11.78,12.29,0.01181,0.01284,0.0115,0.01241,5.64,5.75,5.31,5.49,0.2158,0.228,0.21,0.226
2017-10-05,4321.44,4365.76,4143.35,4218.66,51.64,51.87,50.17,51.22,305.35,307.8,293.16,303.32,0.238,0.2442,0.2134,0.2135,91.88,92.45,87.78,90.24,294.99,297.47,286.73,291.68,11.91,12.08,11.51,11.79,0.01449,0.01515,0.01158,0.01181,5.52,5.64,5.37,5.64,0.2099,0.2259,0.2042,0.2158
2017-10-06,4371.94,4422.15,4296.93,4321.44,52.08,52.75,51.34,51.64,305.95,312.71,303.1,305.35,0.2334,0.2444,0.2332,0.238,91.05,92.82,89.76,91.88,308.33,309.0,293.75,294.99,12.33,12.41,11.9,11.91,0.01838,0.01927,0.01449,0.01449,5.52,5.84,5.36,5.51,0.2173,0.2248,0.2022,0.2099
2017-10-07,4435.81,4472.92,4319.48,4371.94,52.57,52.9,51.61,52.08,311.52,315.15,301.9,305.95,0.2397,0.2411,0.2324,0.2334,91.61,92.41,89.25,91.05,311.26,314.12,304.63,308.33,12.37,12.55,12.04,12.33,0.02077,0.0247,0.01838,0.01838,5.14,5.52,5.04,5.52,0.2132,0.2255,0.195,0.2173
2017-10-08,4611.7,4622.87,4419.36,4435.81,53.3,54.79,52.32,52.57,301.97,317.12,301.22,311.52,0.2799,0.2811,0.2385,0.2397,90.35,92.37,90.07,91.61,309.49,313.52,308.13,311.26,12.11,12.58,12.11,12.37,0.01862,0.022,0.0181,0.02077,4.74,5.33,4.58,5.33,0.1958,0.2137,0.19,0.2132
2017-10-09,4777.49,4875.38,4556.15,4611.7,50.08,53.44,48.12,53.3,282.33,301.97,270.1,301.97,0.2501,0.2802,0.234,0.2799,85.34,90.35,83.45,90.35,296.95,310.14,286.52,309.49,11.43,12.17,10.94,12.11,0.01764,0.02199,0.0158,0.01862,4.74,5.09,4.63,4.67,0.195,0.2067,0.1902,0.1958
2017-10-10,4763.36,4930.0,4722.81,4777.49,50.58,51.63,49.69,50.08,290.93,296.11,279.24,282.33,0.2582,0.2666,0.2406,0.2501,86.46,88.5,84.12,85.34,298.46,305.95,292.28,296.95,11.41,11.69,11.26,11.43,0.0188,0.0188,0.01653,0.01764,4.74,5.07,4.39,4.7,0.2116,0.2197,0.1923,0.195
2017-10-11,4824.2,4874.89,4718.6,4763.36,50.79,51.05,50.18,50.58,298.21,301.17,286.19,290.93,0.2632,0.2656,0.2553,0.2582,87.49,88.66,85.73,86.46,302.86,305.12,297.18,298.46,11.45,11.53,11.27,11.41,0.01955,0.02032,0.01824,0.0188,5.43,5.5,4.72,4.9,0.2134,0.2198,0.2078,0.2116
2017-10-12,5432.62,5432.63,4814.98,4824.2,59.72,59.72,50.73,50.79,290.81,298.6,288.46,298.21,0.2464,0.2652,0.2461,0.2632,86.91,89.05,86.24,87.49,302.89,308.77,301.65,302.86,11.73,11.97,11.35,11.45,0.01794,0.0199,0.0174,0.01955,5.11,5.28,4.85,5.07,0.2057,0.2154,0.2018,0.2134
2017-10-13,5637.26,5852.78,5391.97,5432.62,59.05,60.76,55.11,59.72,308.82,309.63,287.28,290.81,0.2602,0.2651,0.233,0.2464,94.82,96.87,85.3,86.91,336.83,347.7,298.29,302.89,12.05,12.39,11.31,11.73,0.01786,0.01877,0.01751,0.01794,4.75,5.29,4.39,5.29,0.2123,0.2138,0.193,0.2057
2017-10-14,5824.71,5839.62,5568.86,5637.26,63.94,66.48,58.34,59.05,316.35,319.26,304.42,308.82,0.2556,0.2685,0.2542,0.2602,99.99,103.31,93.55,94.82,338.81,347.14,333.83,336.83,12.19,12.5,11.87,12.05,0.0175,0.01917,0.0175,0.01786,4.55,4.79,4.5,4.75,0.21,0.214,0.2021,0.2123
2017-10-15,5688.14,5862.69,5448.22,5824.71,65.57,69.95,62.08,63.94,308.89,317.26,292.36,316.35,0.2652,0.2691,0.2482,0.2556,94.92,101.07,91.59,99.99,336.58,341.93,318.35,338.81,11.96,12.48,11.54,12.19,0.0188,0.0191,0.01665,0.0175,4.48,4.67,4.44,4.55,0.206,0.2115,0.1957,0.21
2017-10-16,5759.33,5795.33,5576.1,5677.35,64.76,66.41,62.28,65.58,302.16,311.96,300.69,308.81,0.2579,0.2977,0.2523,0.2652,95.81,98.52,93.01,94.92,334.23,352.39,332.9,336.58,11.93,12.19,11.81,11.96,0.036,0.0478,0.01855,0.01897,4.82,4.87,4.62,4.62,0.2224,0.26,0.2026,0.2074
2017-10-17,5598.58,5773.32,5521.09,5759.25,59.19,64.97,58.5,64.76,299.48,302.7,296.19,301.96,0.2295,0.2654,0.214,0.2579,90.98,96.69,90.5,95.8,316.14,334.42,310.57,334.23,11.86,12.49,11.6,11.93,0.0461,0.04789,0.03463,0.036,4.86,4.93,4.77,4.82,0.2147,0.235,0.213,0.2224
2017-10-18,5575.83,5601.3,5114.87,5598.58,60.55,61.89,53.05,59.19,296.19,300.32,277.3,299.61,0.217,0.2344,0.2016,0.2295,89.22,91.21,85.77,91.12,313.54,316.34,287.95,316.14,11.45,11.85,10.66,11.85,0.03515,0.0465,0.0321,0.04608,4.96,5.03,4.81,5.0,0.2193,0.2224,0.204,0.2198
2017-10-19,5698.65,5737.41,5517.62,5576.71,59.68,61.39,58.35,60.55,293.7,299.02,290.27,296.28,0.2139,0.232,0.2064,0.217,88.39,92.47,87.42,89.17,307.41,316.38,304.63,313.54,11.29,11.51,11.12,11.45,0.03114,0.0357,0.0295,0.03515,4.97,5.03,4.88,4.99,0.2188,0.2302,0.2119,0.2157
2017-10-20,5993.11,6075.32,5611.39,5698.62,60.09,62.17,58.31,59.68,287.54,300.56,286.28,293.98,0.2082,0.2234,0.2056,0.2141,90.35,92.85,88.0,88.42,303.08,312.11,301.86,307.41,11.12,11.46,11.1,11.29,0.02656,0.03251,0.02531,0.03114,4.97,4.97,4.97,4.97,0.2157,0.2486,0.2121,0.2211
2017-10-21,6006.65,6187.2,5874.54,5993.11,58.09,60.36,56.17,60.08,276.66,290.01,269.27,287.47,0.2097,0.2107,0.1971,0.2081,88.04,90.4,86.16,90.25,299.55,303.09,290.92,303.08,10.84,11.26,10.64,11.09,0.0365,0.03899,0.02402,0.02656,4.68,4.7,4.41,4.46,0.2069,0.2226,0.197,0.2143
2017-10-22,5982.86,6070.56,5722.98,6006.65,56.51,58.67,55.73,58.09,273.86,283.23,262.99,276.7,0.2014,0.2114,0.1954,0.2097,86.51,88.85,85.11,88.04,294.03,305.89,290.69,299.55,10.67,11.18,10.5,10.84,0.03138,0.0387,0.03037,0.0366,4.71,4.78,4.53,4.58,0.2105,0.2227,0.197,0.2144
2017-10-23,5903.61,6048.98,5644.22,5982.86,54.63,56.57,51.92,56.52,279.39,288.85,261.2,273.64,0.1917,0.202,0.1845,0.2015,85.17,86.74,81.71,86.38,285.27,294.25,274.96,294.03,10.05,10.66,9.66,10.66,0.03438,0.03745,0.02955,0.0314,4.59,4.73,4.4,4.73,0.2015,0.2146,0.1832,0.2094
2017-10-24,5513.08,5904.63,5463.41,5903.61,55.56,58.98,52.35,54.63,291.0,300.31,270.96,279.46,0.2038,0.2169,0.183,0.1917,88.03,91.92,82.75,85.21,296.5,311.23,280.01,285.27,10.44,11.07,9.61,10.05,0.037,0.0429,0.03358,0.03453,4.8,5.2,4.42,4.59,0.2105,0.2221,0.1902,0.2029
2017-10-25,5734.0,5747.96,5375.64,5513.08,56.19,56.4,53.52,55.56,286.19,297.83,281.07,291.0,0.2023,0.2047,0.1961,0.2038,87.08,94.92,85.02,87.94,296.35,300.36,289.46,296.5,10.47,10.57,10.12,10.44,0.03516,0.03847,0.03362,0.037,5.24,5.46,5.15,5.2,0.2039,0.2189,0.195,0.2111
2017-10-26,5887.61,5970.4,5689.92,5734.0,55.55,56.95,54.9,56.19,284.86,289.85,279.64,286.15,0.2019,0.2046,0.1999,0.2023,88.37,89.44,87.07,87.1,295.54,299.37,292.7,296.35,10.35,10.65,10.27,10.47,0.0347,0.03744,0.03416,0.03529,5.32,5.4,5.02,5.23,0.1988,0.2058,0.193,0.2043
2017-10-27,5764.56,5997.83,5692.32,5887.62,55.02,55.99,54.69,55.55,280.56,287.24,277.88,284.73,0.2001,0.2027,0.198,0.2019,86.35,88.76,86.0,88.42,296.36,298.9,292.24,295.54,10.28,10.61,9.8,10.38,0.0341,0.0351,0.0332,0.03475,5.13,5.19,4.8,5.01,0.1964,0.2028,0.193,0.1994
2017-10-28,5726.61,5871.04,5654.8,5764.56,54.22,55.79,53.95,55.02,273.53,286.74,263.62,280.35,0.1982,0.2008,0.1974,0.2001,85.73,87.45,85.2,86.32,293.35,297.05,291.11,296.37,10.38,10.49,9.97,10.29,0.031,0.0345,0.03072,0.0341,4.83,5.19,4.83,5.13,0.1962,0.2049,0.191,0.1962
2017-10-29,6147.52,6295.43,5679.37,5726.61,56.75,57.83,53.86,54.22,282.92,288.75,272.83,273.55,0.2015,0.2053,0.1966,0.1981,88.59,90.73,85.67,85.73,304.04,311.3,292.06,293.33,10.83,11.09,10.37,10.37,0.03021,0.03353,0.0295,0.0308,4.67,4.95,4.67,4.95,0.2013,0.21,0.191,0.1969
2017-10-30,6124.28,6226.18,6018.97,6147.7,56.22,58.66,55.81,56.75,284.93,288.24,281.75,282.92,0.2024,0.2044,0.2001,0.2015,88.62,90.79,88.06,88.58,306.8,311.94,303.58,304.04,10.8,10.99,10.72,10.83,0.03195,0.03214,0.0297,0.03021,4.53,4.68,4.51,4.68,0.2004,0.2058,0.196,0.2011
2017-10-31,6451.24,6467.2,6090.83,6124.28,55.5,56.74,55.49,56.22,277.23,285.84,276.7,284.94,0.1975,0.2034,0.1975,0.2024,87.31,89.14,87.31,88.73,303.64,310.86,303.4,306.8,10.52,10.88,10.51,10.81,0.02936,0.03195,0.02814,0.03195,4.65,4.82,4.53,4.53,0.1867,0.2023,0.1828,0.2003
2017-11-01,6737.78,6738.74,6355.0,6449.1,52.83,55.62,52.72,55.5,269.64,278.89,269.22,277.07,0.1903,0.2006,0.1896,0.1975,85.41,87.9,84.44,87.31,289.42,304.77,288.5,303.63,10.11,10.61,10.11,10.5,0.0273,0.03018,0.02709,0.02936,4.59,4.65,4.52,4.65,0.1669,0.1931,0.1655,0.1864
2017-11-02,7024.81,7339.91,6737.77,6737.78,54.19,54.9,50.03,52.82,263.22,271.5,248.69,269.6,0.2003,0.2065,0.1755,0.191,83.08,86.19,79.88,85.42,284.92,293.03,276.89,289.42,10.03,10.24,9.43,10.11,0.0275,0.02844,0.02345,0.0273,4.05,4.59,3.8,4.59,0.1664,0.183,0.15,0.1669
2017-11-03,7152.12,7445.62,6938.93,7024.81,55.98,56.13,53.79,54.19,276.79,280.01,258.44,263.22,0.2059,0.2263,0.1961,0.2003,87.44,89.6,82.78,82.95,304.51,307.14,284.85,284.92,12.49,12.56,9.95,9.98,0.0274,0.0286,0.0251,0.0275,4.33,4.33,4.03,4.28,0.1707,0.1805,0.16,0.1669
2017-11-04,7363.8,7492.24,6957.84,7146.98,54.83,56.12,54.62,55.98,273.45,280.47,264.49,276.8,0.2015,0.2061,0.2001,0.2059,87.12,87.69,85.03,87.44,300.04,304.65,294.05,304.51,11.77,12.51,11.27,12.34,0.02708,0.02845,0.02667,0.0274,4.34,4.69,4.25,4.33,0.17,0.1799,0.1676,0.1707
2017-11-05,7389.55,7599.44,7284.33,7363.8,54.6,55.45,54.43,54.84,272.22,275.98,269.69,273.45,0.1997,0.2033,0.1984,0.2014,86.19,87.92,85.87,87.09,296.23,300.65,294.06,300.0,13.1,14.22,11.56,11.77,0.02664,0.02777,0.02616,0.02735,4.36,4.43,4.26,4.34,0.1797,0.1816,0.163,0.17
2017-11-06,6959.23,7429.7,6934.73,7389.55,54.5,55.79,53.43,54.6,273.87,279.37,266.94,272.17,0.2013,0.2067,0.1981,0.1997,101.0,101.17,85.83,86.15,296.82,306.8,292.26,296.22,13.84,15.24,12.94,13.1,0.02867,0.0289,0.0263,0.02664,4.54,4.63,4.28,4.36,0.1854,0.22,0.1754,0.1779
2017-11-07,7102.75,7222.37,6957.8,6959.27,60.52,63.49,54.47,54.5,288.95,302.01,273.48,273.81,0.2055,0.2065,0.1993,0.2013,98.45,103.9,93.35,101.05,291.84,303.76,287.45,296.82,13.52,14.68,13.15,13.84,0.0302,0.03299,0.02824,0.02867,4.8,4.8,4.37,4.54,0.1789,0.1879,0.1735,0.1855
2017-11-08,7444.36,7869.1,7026.97,7102.23,62.38,64.07,59.59,60.52,313.2,315.12,285.36,288.95,0.2167,0.2235,0.2031,0.2055,112.88,115.89,98.09,98.45,307.35,319.2,290.55,291.84,13.9,14.2,13.45,13.51,0.0336,0.0352,0.02905,0.0302,6.2,6.2,4.8,4.8,0.1923,0.1975,0.1761,0.1785
2017-11-09,7129.59,7457.12,7040.83,7444.36,64.15,66.9,61.59,62.38,325.37,337.35,310.91,313.12,0.2154,0.2218,0.2126,0.2167,119.84,123.14,111.09,112.88,319.66,329.21,305.84,307.35,14.04,14.51,13.77,13.89,0.03902,0.0399,0.03325,0.0334,6.25,6.25,6.2,6.2,0.2253,0.229,0.1875,0.1923
2017-11-10,6565.8,7318.97,6406.05,7129.59,58.99,65.75,56.02,64.15,325.89,352.04,305.16,325.34,0.2033,0.2185,0.1988,0.2154,104.48,121.2,100.01,120.03,296.86,324.22,288.96,319.67,14.39,15.37,13.51,14.04,0.03282,0.03955,0.0306,0.03902,5.1,6.38,5.1,6.25,0.1929,0.239,0.185,0.2251
2017-11-11,6339.86,6821.5,6197.87,6565.8,62.14,63.77,58.64,59.07,343.43,349.75,315.54,327.31,0.2092,0.2147,0.2016,0.2033,118.84,127.24,101.45,104.48,314.23,320.05,296.26,296.86,19.19,19.43,14.32,14.39,0.0326,0.0355,0.0315,0.03319,5.96,6.1,5.1,5.1,0.1916,0.214,0.1847,0.1918
2017-11-12,5878.13,6490.53,5493.64,6339.87,58.54,62.26,56.73,62.14,487.14,497.29,322.02,343.55,0.1915,0.2094,0.1861,0.2092,122.96,136.74,108.34,118.84,306.02,317.22,297.48,314.23,14.67,21.35,14.45,19.19,0.02854,0.03324,0.0269,0.0326,5.36,6.07,5.21,5.96,0.1839,0.1924,0.161,0.1912
2017-11-13,6522.45,6760.15,5828.34,5878.09,61.0,61.84,58.07,58.53,421.66,501.86,394.72,489.63,0.2001,0.2001,0.1906,0.1915,121.85,135.34,117.16,122.96,314.6,318.58,305.35,306.02,15.85,16.37,14.11,14.67,0.03001,0.0321,0.02789,0.02824,5.5,6.23,5.23,5.23,0.1922,0.2081,0.1804,0.1839
2017-11-14,6597.06,6728.59,6419.18,6522.45,62.13,63.41,60.12,61.0,420.93,439.34,402.14,421.66,0.205,0.2103,0.1995,0.2001,121.28,122.87,116.59,121.83,334.72,337.15,314.45,314.6,17.37,18.42,15.83,15.85,0.0359,0.03681,0.02995,0.03001,7.06,7.3,5.5,5.5,0.2082,0.2088,0.1911,0.1914
2017-11-15,7283.22,7330.06,6596.94,6597.06,63.16,76.1,62.08,62.13,420.68,440.8,409.85,420.93,0.2083,0.2101,0.2037,0.205,120.67,123.68,117.65,121.28,331.2,345.18,324.88,334.72,17.14,17.82,16.55,17.37,0.0372,0.03748,0.03404,0.0355,8.1,8.19,6.86,7.06,0.2021,0.21,0.1985,0.2077
2017-11-16,7853.68,7964.64,7119.17,7283.02,70.7,72.5,62.5,63.15,419.44,425.56,409.99,420.76,0.2269,0.2809,0.2058,0.2083,120.26,127.84,118.18,120.67,330.32,334.85,321.9,331.2,16.84,17.19,16.11,17.14,0.03689,0.03788,0.03395,0.037,9.5,10.4,8.1,8.1,0.1976,0.2175,0.1916,0.2035
2017-11-17,7699.95,8000.19,7534.7,7853.68,67.36,71.29,65.33,70.7,423.94,441.75,410.92,419.44,0.2239,0.2376,0.2174,0.227,126.18,126.18,118.42,120.26,331.72,334.55,325.83,330.32,17.1,17.69,16.48,16.84,0.03578,0.0374,0.0346,0.03707,8.89,9.6,8.17,9.6,0.1928,0.2026,0.18,0.1978
2017-11-18,7780.91,7857.52,7458.9,7699.95,69.42,69.77,65.41,67.36,453.55,476.09,421.09,423.82,0.2275,0.2293,0.2191,0.2239,130.59,134.87,122.96,126.11,346.65,349.46,326.83,331.72,17.62,18.17,16.73,17.1,0.03637,0.03643,0.03436,0.03535,9.09,9.12,8.37,8.89,0.1939,0.1995,0.1871,0.1912
2017-11-19,8042.64,8100.87,7675.41,7781.02,71.76,73.24,68.47,69.42,442.39,455.25,430.58,454.16,0.2321,0.237,0.2231,0.2275,129.73,133.59,127.11,130.66,354.6,371.32,343.89,346.65,17.97,18.13,17.5,17.61,0.0365,0.04,0.03606,0.03637,10.02,10.02,9.09,9.09,0.2036,0.2087,0.192,0.1923
2017-11-20,8244.69,8294.12,7947.28,8042.64,72.38,73.16,70.9,71.76,485.96,499.48,437.42,442.11,0.2406,0.2462,0.2315,0.2322,136.17,141.9,128.43,129.71,367.71,372.82,354.28,354.67,18.48,18.87,17.91,17.97,0.03862,0.04,0.036,0.03671,9.45,10.38,9.45,10.02,0.2142,0.224,0.2,0.2013
2017-11-21,8099.97,8368.36,7819.06,8245.87,69.91,72.85,68.09,72.38,491.66,521.8,453.66,485.94,0.2318,0.2444,0.2292,0.2409,141.84,142.87,131.1,136.15,360.52,372.87,351.41,367.71,17.66,18.68,17.07,18.48,0.03787,0.03897,0.03618,0.0384,9.98,9.98,9.1,9.45,0.2027,0.2193,0.198,0.2139
2017-11-22,8234.55,8304.37,8091.63,8099.92,72.03,72.04,69.88,69.91,573.66,595.42,492.35,492.44,0.2385,0.2417,0.2317,0.2321,165.73,172.96,138.91,141.82,380.84,381.61,359.97,360.52,17.98,18.17,17.6,17.66,0.0423,0.0428,0.03741,0.03787,8.86,10.85,8.1,9.98,0.2042,0.2091,0.1982,0.2025
2017-11-23,8013.41,8266.55,8012.35,8234.5,72.94,76.77,70.74,72.03,561.55,583.5,550.08,573.65,0.24,0.2503,0.2357,0.2385,157.78,173.62,154.95,165.79,406.57,424.92,375.44,380.83,17.98,18.79,17.61,17.98,0.04037,0.044,0.03981,0.04229,7.82,9.0,7.6,8.86,0.2011,0.2108,0.1981,0.204
2017-11-24,8200.8,8332.94,7900.17,8013.38,77.54,77.61,72.34,72.97,560.92,567.67,542.71,561.21,0.241,0.2443,0.2312,0.24,158.44,162.12,154.25,157.78,470.43,478.38,400.18,406.51,21.01,21.24,17.61,17.98,0.04043,0.0413,0.0382,0.04015,7.67,8.42,7.45,7.82,0.2078,0.2098,0.197,0.2011
2017-11-25,8754.69,8761.98,8153.7,8203.45,88.79,89.47,77.07,77.53,636.12,653.12,559.66,560.92,0.2488,0.2531,0.2394,0.241,167.76,170.33,158.31,158.44,464.61,483.38,457.41,470.4,21.31,22.62,19.98,21.0,0.04328,0.0439,0.0393,0.04004,8.05,8.2,7.67,7.67,0.2201,0.2231,0.207,0.2084
2017-11-26,9318.42,9474.62,8746.56,8754.62,86.24,88.77,83.73,88.77,616.45,639.98,606.4,636.1,0.245,0.2492,0.2412,0.2489,162.11,167.83,157.7,167.79,470.54,471.5,451.12,464.55,21.64,21.85,20.63,21.31,0.0486,0.0486,0.0431,0.04328,7.3,8.06,7.3,8.05,0.2143,0.224,0.2001,0.2202
2017-11-27,9733.2,9733.61,9316.84,9318.42,90.99,93.11,86.12,86.2,623.72,634.31,599.24,617.65,0.247,0.2497,0.2403,0.2445,172.29,172.48,157.36,162.21,475.24,489.43,462.47,470.45,24.69,25.74,20.89,21.65,0.0605,0.06185,0.0475,0.04863,7.95,8.0,7.3,7.3,0.2248,0.225,0.2101,0.2142
2017-11-28,9906.04,9969.58,9638.2,9732.63,94.22,94.53,89.53,90.99,609.83,628.88,599.82,623.7,0.2795,0.2806,0.2467,0.247,196.36,196.66,170.64,171.8,466.27,478.46,459.91,475.2,31.42,32.79,24.54,24.69,0.07989,0.08361,0.056,0.059,7.8,8.4,7.75,7.95,0.2454,0.257,0.22,0.224
2017-11-29,9837.86,11417.84,8938.7,9906.04,85.41,103.03,78.12,94.22,667.55,762.17,605.19,609.61,0.2353,0.2797,0.2128,0.2796,167.71,207.8,151.84,196.39,427.42,515.44,409.35,466.24,24.28,31.69,22.5,31.41,0.06607,0.09819,0.05676,0.0799,7.01,7.99,6.8,7.8,0.2137,0.2672,0.2022,0.2451
2017-11-30,9946.76,10689.06,9023.77,9848.05,85.94,92.23,76.95,85.4,758.71,809.6,650.38,667.68,0.2356,0.2468,0.22,0.2356,175.18,189.52,151.78,167.7,434.85,460.81,396.14,427.3,26.1,27.08,21.66,24.28,0.07262,0.0785,0.0627,0.0656,7.0,7.71,6.92,7.01,0.2198,0.24,0.2002,0.2144
2017-12-01,10861.47,10942.8,9420.93,9947.08,99.15,100.22,81.11,85.94,781.52,793.09,730.81,758.32,0.2473,0.2511,0.2259,0.2369,187.81,189.27,165.48,175.3,461.58,467.22,416.77,435.31,29.64,30.17,24.18,26.1,0.08748,0.08994,0.07012,0.072,7.64,7.99,7.0,7.0,0.2383,0.2398,0.2084,0.2195
2017-12-02,10912.73,11175.23,10715.55,10861.47,99.32,103.41,97.52,99.15,764.95,789.81,752.5,781.67,0.2441,0.2494,0.2403,0.2473,199.79,202.56,183.61,187.91,457.96,471.39,449.69,461.58,28.89,30.71,28.13,29.62,0.09321,0.09818,0.08748,0.08748,7.55,7.8,7.44,7.64,0.2503,0.2597,0.215,0.2386
2017-12-03,11246.21,11851.09,10578.43,10912.72,100.7,106.77,96.87,99.32,759.93,807.68,728.54,764.97,0.2449,0.2586,0.2354,0.2441,196.33,206.9,183.84,199.79,462.81,481.56,445.57,457.96,28.93,30.88,27.71,28.89,0.08946,0.09665,0.086,0.09359,7.55,7.8,7.55,7.55,0.2704,0.2962,0.2458,0.2498
2017-12-04,11623.91,11624.63,10917.81,11244.2,103.87,103.95,95.39,100.71,764.64,770.53,727.82,759.87,0.2462,0.2486,0.2354,0.2449,208.12,208.66,188.13,196.27,466.93,472.16,446.64,462.92,29.25,29.65,27.47,28.93,0.09701,0.09704,0.087,0.08921,7.8,7.8,7.46,7.46,0.2848,0.2855,0.2631,0.2688
2017-12-05,11667.13,11901.87,11486.13,11624.37,100.49,103.91,100.37,103.86,731.29,768.36,730.44,764.45,0.2337,0.2469,0.2305,0.2462,246.38,248.14,206.66,208.17,453.96,467.84,451.47,466.93,28.01,29.36,27.81,29.24,0.1225,0.129,0.0933,0.09701,9.61,10.26,7.8,7.8,0.299,0.3108,0.2705,0.2846
2017-12-06,13749.57,13843.2,11661.76,11667.13,98.97,103.0,95.11,100.49,667.35,761.58,648.8,731.41,0.2182,0.234,0.2099,0.2337,254.94,294.53,231.88,246.38,422.48,456.87,413.13,453.96,24.95,28.17,23.85,27.98,0.1398,0.1587,0.1102,0.1226,9.3,10.2,9.1,9.61,0.3148,0.3227,0.2874,0.2995
2017-12-07,16850.31,16879.26,13401.61,13750.09,96.0,99.81,86.93,98.94,660.26,690.19,623.49,667.35,0.2035,0.2197,0.2009,0.2182,256.73,277.23,234.19,254.61,421.15,434.85,404.16,422.39,23.32,27.28,23.17,24.95,0.126,0.154,0.1185,0.1398,8.2,9.33,7.5,9.3,0.2836,0.3266,0.25,0.3165
2017-12-08,16047.61,17294.85,13906.1,16867.98,125.24,136.4,93.37,95.99,700.25,742.32,623.95,660.2,0.2337,0.253,0.2005,0.2037,261.96,267.25,234.03,256.73,451.74,461.1,410.33,420.76,27.58,27.64,22.13,23.31,0.1335,0.14,0.11,0.126,8.2,8.21,7.28,8.2,0.6417,0.7153,0.236,0.289
2017-12-09,14843.42,16313.18,13151.47,16048.18,155.98,179.54,125.34,125.34,707.95,750.01,689.84,700.19,0.2353,0.2446,0.2295,0.2337,256.31,269.98,241.39,261.91,472.86,507.36,448.09,451.78,27.51,31.19,24.8,27.58,0.1319,0.1445,0.118,0.1328,8.25,8.63,8.01,8.2,0.4387,0.669,0.3644,0.6417
2017-12-10,15059.6,15783.2,13031.0,14839.98,147.84,156.72,130.39,155.98,669.63,707.95,629.56,707.95,0.2271,0.2366,0.2223,0.2353,238.23,256.35,215.5,256.32,436.49,472.78,428.3,472.31,25.27,27.75,23.35,27.51,0.114,0.1347,0.1,0.1311,7.87,8.39,7.72,8.25,0.3812,0.449,0.3167,0.4385
2017-12-11,16732.47,17399.18,15024.56,15060.45,214.54,225.55,146.97,147.46,755.55,757.87,668.91,669.82,0.2451,0.247,0.227,0.2271,274.28,275.21,237.73,238.35,513.29,519.35,436.01,436.54,26.64,28.49,25.23,25.27,0.1404,0.1493,0.114,0.114,8.0,8.47,7.87,7.87,0.4886,0.5256,0.3809,0.3818
2017-12-12,17083.9,17560.65,16254.53,16733.29,328.52,401.76,210.36,214.53,881.35,925.89,733.44,755.7,0.3555,0.4369,0.2442,0.2451,293.25,314.04,274.1,274.28,656.52,678.25,499.57,513.36,29.2,31.9,26.58,26.64,0.147,0.155,0.13,0.1405,8.28,8.39,8.0,8.0,0.5042,0.5825,0.4537,0.4975
2017-12-13,16286.82,17267.96,15669.86,17083.9,305.27,347.8,276.12,327.96,871.76,925.92,784.9,881.32,0.4584,0.5006,0.3388,0.3555,297.69,326.73,273.3,293.26,699.09,755.07,593.89,656.52,29.0,33.29,26.47,29.2,0.1449,0.1551,0.1338,0.146,9.21,9.99,8.27,8.28,0.5087,0.5428,0.465,0.5014
2017-12-14,16467.91,16941.08,16023.64,16286.82,279.81,314.78,268.12,305.03,927.76,962.5,863.27,872.67,0.8507,0.8809,0.4527,0.4582,319.2,329.02,295.03,297.69,693.58,751.68,662.29,699.09,31.3,33.58,28.79,28.99,0.1858,0.218,0.1425,0.1449,10.61,10.69,9.36,9.82,0.5963,0.615,0.49,0.5087
2017-12-15,17604.85,17987.03,16442.2,16467.91,300.27,317.69,249.24,280.02,891.11,936.15,830.19,926.76,0.7377,0.8523,0.6183,0.8507,309.37,319.62,284.85,319.22,684.27,696.89,614.33,693.58,31.46,32.2,27.23,31.3,0.195,0.1988,0.16,0.1856,9.91,10.61,9.26,10.61,0.5895,0.61,0.495,0.6003
2017-12-16,19345.49,19587.7,17318.54,17594.08,302.04,311.18,285.56,299.98,987.53,987.72,881.81,891.11,0.7397,0.8122,0.7177,0.7375,322.73,329.27,308.2,308.9,692.83,718.37,678.52,684.09,33.76,37.57,30.3,31.46,0.2298,0.235,0.187,0.1932,10.0,10.65,9.82,9.91,0.6455,0.7113,0.5647,0.5839
2017-12-17,19065.71,19870.62,18750.91,19346.6,319.57,332.09,300.59,302.04,1084.54,1151.3,986.88,987.56,0.7114,0.7524,0.7016,0.7397,344.98,358.91,320.79,322.73,717.71,732.45,691.95,692.32,34.02,35.8,33.35,33.76,0.263,0.299,0.2237,0.2339,13.0,14.5,10.0,10.0,0.6754,0.7411,0.6215,0.6456
2017-12-18,18972.32,19221.1,18114.42,19065.71,357.51,364.34,300.88,319.57,1142.44,1185.49,1016.74,1084.59,0.7558,0.7912,0.6651,0.7118,372.75,375.31,321.42,344.99,785.99,799.37,679.8,717.73,38.04,40.87,31.34,34.02,0.2736,0.2765,0.2467,0.2635,16.0,17.0,13.0,13.0,0.8293,0.83,0.6607,0.6754
2017-12-19,17523.7,19021.97,16812.8,18971.19,346.87,376.1,324.37,357.51,1136.12,1219.99,1073.66,1142.41,0.7344,0.8402,0.7019,0.7558,356.24,392.89,328.79,372.57,812.5,868.89,767.59,786.17,37.4,42.96,35.88,38.06,0.2565,0.305,0.2299,0.2739,16.6,18.02,16.0,16.0,0.8913,1.05,0.8103,0.8293
2017-12-20,16461.97,17813.6,15642.69,17521.73,304.81,346.73,286.54,346.73,1433.41,1547.23,997.3,1136.12,0.7144,0.7426,0.6568,0.7344,467.5,473.21,297.42,356.41,799.17,830.2,713.75,812.5,38.93,41.33,34.2,37.4,0.2494,0.2595,0.19,0.2573,18.81,21.0,15.55,16.6,0.888,1.04,0.7477,0.8913
2017-12-21,15632.12,17301.83,14952.98,16461.09,307.69,327.26,286.39,304.77,1339.73,1517.13,1276.0,1433.41,1.12,1.13,0.7128,0.7144,417.08,470.68,375.45,468.16,789.39,840.55,759.65,799.17,36.97,42.65,35.28,38.94,0.247,0.2822,0.22,0.2494,25.0,29.0,18.81,18.81,0.9762,1.04,0.8556,0.8872
2017-12-22,13664.97,15823.72,10875.71,15632.12,262.09,309.11,158.96,307.69,1099.65,1363.01,814.6,1339.73,1.0,1.24,0.6203,1.12,318.79,421.02,195.93,417.08,657.83,794.16,490.28,789.39,27.23,37.39,18.53,36.97,0.204,0.27,0.143,0.2488,21.7,25.0,16.0,25.0,0.7989,1.0,0.5168,0.9727
2017-12-23,14396.46,15493.23,13356.07,13664.97,284.11,312.71,256.31,262.15,1160.85,1257.7,1076.4,1099.65,1.01,1.07,0.9263,1.0,343.85,381.99,311.51,318.79,700.44,747.53,651.1,657.81,28.44,31.41,27.01,27.23,0.2222,0.2541,0.199,0.205,20.0,22.87,20.0,21.3,0.8652,0.951,0.7598,0.7968
2017-12-24,13789.95,14413.72,12166.45,14396.63,272.24,285.4,244.14,283.69,1096.43,1162.05,960.39,1160.85,0.9782,1.01,0.8253,1.01,330.12,353.62,281.5,343.85,675.91,701.07,597.12,700.44,27.47,28.77,23.67,28.44,0.2116,0.2245,0.1807,0.2226,21.0,21.4,18.2,20.0,1.0,1.01,0.7134,0.8716
2017-12-25,13833.49,14467.43,13010.71,13789.95,268.21,283.46,262.39,272.24,1109.1,1177.18,1064.57,1096.43,0.9805,1.02,0.9236,0.9782,333.96,349.66,313.02,330.12,723.14,747.36,671.71,676.08,28.58,29.45,26.69,27.47,0.222,0.2291,0.201,0.2118,21.35,21.51,20.01,21.0,0.984,1.09,0.8992,0.9988
2017-12-26,15756.56,16094.67,13748.49,13830.19,279.49,283.86,267.58,268.03,1180.57,1181.21,1106.62,1109.1,1.07,1.09,0.9712,0.9805,357.33,362.26,332.12,333.96,753.4,756.03,722.23,723.14,29.99,30.46,28.53,28.58,0.2221,0.225,0.2071,0.22,24.6,27.38,21.35,21.35,0.9675,1.0,0.902,0.9802
2017-12-27,15416.64,16514.59,14534.66,15757.02,264.07,285.32,252.87,279.47,1133.36,1210.54,1103.32,1181.28,1.21,1.28,1.07,1.07,375.87,409.15,342.36,357.33,739.94,766.53,706.67,753.44,28.78,30.74,27.59,29.99,0.227,0.23,0.211,0.2221,24.27,25.3,24.23,24.6,0.9296,0.9929,0.888,0.9675
2017-12-28,14398.7,15505.51,13466.07,15416.34,249.86,265.65,224.07,264.07,1103.06,1138.81,992.24,1133.5,1.26,1.31,1.1,1.21,349.95,376.59,325.25,375.87,716.69,741.46,671.23,739.93,26.89,28.95,25.18,28.78,0.2174,0.227,0.1922,0.227,23.9,26.45,22.03,24.27,0.8857,0.9486,0.795,0.9302
2017-12-29,14392.57,15109.81,13951.08,14398.45,243.13,258.36,236.39,249.84,1089.31,1144.02,1023.52,1103.06,1.93,1.97,1.25,1.26,349.19,367.77,335.96,349.95,739.6,755.2,710.2,716.69,27.38,28.63,25.96,26.89,0.317,0.33,0.2155,0.2174,22.53,23.96,22.53,23.9,1.03,1.05,0.87,0.8903
2017-12-30,12531.52,14461.46,11962.09,14392.14,212.07,243.42,202.02,243.13,943.14,1095.32,875.9,1089.16,1.86,2.44,1.77,1.93,304.06,352.37,288.08,349.22,692.99,741.67,663.88,739.6,23.84,27.37,22.77,27.35,0.309,0.37,0.259,0.316,19.93,23.21,19.89,22.53,0.8819,1.05,0.84,1.04
2017-12-31,13850.4,14241.82,12359.43,12532.38,226.52,235.4,207.95,212.07,1013.89,1054.13,924.33,943.1,1.98,2.09,1.61,1.86,331.83,340.84,300.76,304.06,741.13,746.62,686.44,692.99,26.05,26.61,23.62,23.84,0.354,0.3586,0.2953,0.3043,20.73,20.97,19.93,19.93,1.03,1.08,0.873,0.8812
2018-01-01,13444.88,13921.53,12877.67,13850.49,224.34,232.26,216.42,226.52,1019.42,1039.1,969.44,1013.89,2.05,2.09,1.81,1.98,338.17,344.89,318.26,331.83,756.2,765.3,724.33,741.09,29.23,31.69,25.24,26.05,0.484,0.5231,0.3521,0.354,22.36,22.7,20.66,20.73,1.01,1.06,0.9553,1.02
2018-01-02,14754.13,15306.13,12934.16,13444.88,251.81,260.53,224.28,224.34,1162.47,1194.94,1019.57,1019.63,2.19,2.21,1.89,2.05,364.44,370.3,334.67,338.08,861.97,882.61,756.17,756.17,31.87,34.38,29.23,29.23,0.556,0.5898,0.462,0.4848,22.79,22.79,21.82,22.36,1.13,1.17,0.9978,1.01
2018-01-03,15156.62,15435.01,14579.71,14754.09,244.63,256.81,241.11,251.81,1129.89,1167.5,1088.34,1162.47,2.73,2.85,2.15,2.19,385.82,389.9,360.52,364.43,941.1,951.7,847.9,861.97,33.11,33.77,30.1,31.87,0.8848,0.9199,0.5524,0.557,21.62,22.79,21.15,22.79,1.75,1.78,1.12,1.13
2018-01-04,15180.08,15408.66,14244.67,15156.49,238.3,244.88,225.59,244.63,1120.12,1200.17,1036.82,1130.1,2.73,3.29,2.58,2.73,372.23,389.2,354.29,385.82,944.83,997.44,901.03,941.0,33.77,37.08,30.74,33.11,0.695,0.91,0.625,0.886,21.61,23.99,21.15,21.62,1.61,2.06,1.52,1.75
2018-01-05,16954.78,17126.95,14832.36,15180.08,244.51,251.56,235.0,238.3,1080.88,1160.73,1067.54,1120.12,2.51,3.05,2.24,2.73,357.3,377.32,341.35,372.27,967.13,1018.37,933.98,944.83,31.16,35.25,30.55,33.77,0.64,0.78,0.5353,0.6948,24.37,28.21,21.61,21.61,1.56,1.81,1.5,1.6
2018-01-06,17172.3,17252.85,16286.57,16954.76,278.92,305.21,243.56,244.51,1160.35,1184.64,1062.92,1080.88,2.65,2.85,2.46,2.51,393.16,394.55,350.58,357.2,1006.41,1010.17,958.29,967.13,34.0,34.64,30.93,31.16,0.6871,0.77,0.581,0.6351,26.4,28.2,24.37,24.37,1.63,1.7,1.45,1.56
2018-01-07,16228.16,17184.81,15791.13,17174.5,271.57,287.27,265.37,278.92,1161.98,1250.05,1155.53,1160.35,2.78,2.82,2.58,2.65,400.05,420.3,392.5,393.16,1117.75,1117.84,1003.21,1006.41,35.45,36.07,33.95,34.0,0.705,0.7349,0.672,0.6883,40.12,41.81,26.4,26.4,1.8,1.9,1.58,1.63
2018-01-08,14976.17,16302.92,13902.31,16228.26,254.25,273.47,231.21,271.57,1080.36,1186.81,979.59,1161.96,2.41,2.78,1.93,2.78,401.36,405.7,349.36,399.99,1136.11,1228.25,967.84,1117.75,33.81,38.5,28.4,35.46,0.614,0.709,0.5175,0.7054,33.24,40.12,31.46,40.12,1.57,1.8,1.31,1.8
2018-01-09,14468.5,15390.28,14221.55,14976.17,246.04,258.59,237.98,254.24,1107.16,1133.2,1040.15,1080.36,2.06,2.5,1.92,2.41,410.69,448.14,394.01,401.5,1289.24,1300.3,1133.7,1136.11,37.5,38.46,31.18,33.81,0.5614,0.643,0.5478,0.614,32.17,38.19,32.16,33.24,1.44,1.69,1.3,1.57
2018-01-10,14919.49,14919.49,13450.54,14468.09,249.1,249.31,230.66,246.02,1098.33,1111.83,1025.79,1106.41,1.95,2.13,1.63,2.06,403.52,416.99,361.81,410.49,1248.99,1385.22,1210.85,1289.24,36.42,38.85,33.71,37.5,0.559,0.5744,0.4649,0.5698,32.1,36.14,30.0,32.15,1.37,1.48,1.15,1.44
2018-01-11,13308.06,14979.96,12825.95,14920.36,226.53,252.89,217.85,249.11,1000.42,1108.02,959.56,1098.33,1.93,2.24,1.56,1.95,352.95,416.75,340.69,403.52,1139.32,1333.92,1100.85,1248.96,32.4,37.71,30.14,36.42,0.5567,0.63,0.42,0.558,27.1,32.1,27.05,32.1,1.25,1.43,1.08,1.37
2018-01-12,13841.19,14129.08,12851.91,13308.06,235.35,241.83,219.62,226.53,1049.49,1065.3,966.41,1000.15,2.02,2.16,1.81,1.93,389.4,392.49,340.49,352.95,1261.03,1287.06,1087.61,1139.32,35.9,36.78,31.11,32.4,0.672,0.7113,0.5195,0.5581,31.71,32.63,26.75,27.1,1.39,1.4,1.17,1.24
2018-01-13,14243.12,14595.04,13830.28,13841.19,257.94,262.87,235.3,235.35,1098.15,1131.99,1049.49,1049.49,2.0,2.1,1.96,2.02,416.29,430.18,387.03,389.4,1385.02,1422.86,1261.01,1261.06,42.33,42.52,35.14,35.9,0.658,0.718,0.622,0.672,30.53,32.44,30.49,31.71,1.44,1.52,1.38,1.39
2018-01-14,13786.97,14415.67,13627.18,14244.12,244.41,268.81,241.94,257.94,1061.12,1112.11,1051.28,1098.25,1.88,2.0,1.84,2.0,406.16,435.52,402.23,416.2,1342.53,1389.32,1322.31,1385.02,42.88,46.25,41.72,42.33,0.62,0.6594,0.6095,0.6594,30.06,31.64,29.86,30.53,1.33,1.49,1.3,1.46
